﻿{"cameraMode":{"drawMode":0,"name":"Shaded","section":"Shading Mode"},"sceneLighting":true,"audioPlay":false,"sceneViewState":{"showFog":true,"showMaterialUpdate":false,"showSkybox":true,"showFlares":true,"showImageEffects":true,"showParticleSystems":true},"in2DMode":false,"pivot":{"x":16.022672653198243,"y":27.34777069091797,"z":-0.024336233735084535},"rotation":{"x":-0.38126665353775027,"y":0.6070170998573303,"z":-0.41076353192329409,"w":-0.5634627938270569},"size":2.33927845954895,"orthographic":false}