﻿{"cameraMode":{"drawMode":0,"name":"Shaded","section":"Shading Mode"},"sceneLighting":false,"audioPlay":false,"sceneViewState":{"showFog":true,"showMaterialUpdate":false,"showSkybox":true,"showFlares":true,"showImageEffects":true,"showParticleSystems":true},"in2DMode":false,"pivot":{"x":0.2675151824951172,"y":7.651763916015625,"z":-5.111871719360352},"rotation":{"x":0.21052338182926179,"y":-0.741851806640625,"z":0.27115845680236819,"w":0.5761089324951172},"size":24.618196487426759,"orthographic":false}